<?xml version="1.0" encoding="UTF-8"?>
<!DOCTYPE hibernate-mapping SYSTEM "http://www.hibernate.org/dtd/hibernate-mapping-3.0.dtd" PUBLIC "-//Hibernate/Hibernate Mapping DTD 3.0//EN">

-<hibernate-mapping>


-<class table="student" name="com.app.model.Student">


-<id name="studId">

<generator class="assigned"/>

</id>

<property name="name" length="20" type="java.lang.String"/>

<property name="address" length="40" type="java.lang.String"/>

</class>

</hibernate-mapping>
-<class table="student" name="com.app.model.Student">


-<id name="studId">

<generator class="assigned"/>

</id>

<property name="name" length="20" type="java.lang.String"/>

<property name="address" length="40" type="java.lang.String"/>

</class>

</hibernate-mapping>