{
    "status": "Transaction details",
    "bank": null,
    "customer": null,
    "fundtransfer": [
        {
            "transaction_Id": 1,
            "sender_accountno": 1,
            "recipient_accountno": 2,
            "dateof_transaction": "2021-08-18T08:16:41.531148300",
            "transaction_amount": 0
        },
        {
            "transaction_Id": 2,
            "sender_accountno": 1,
            "recipient_accountno": 2,
            "dateof_transaction": "2021-08-18T08:16:58.741147900",
            "transaction_amount": 0
        },
        {
            "transaction_Id": 3,
            "sender_accountno": 1,
            "recipient_accountno": 2,
            "dateof_transaction": "2021-08-18T08:18:37.476106400",
            "transaction_amount": 0
        },
        {
            "transaction_Id": 4,
            "sender_accountno": 1,
            "recipient_accountno": 2,
            "dateof_transaction": "2021-08-18T08:28:29.769544900",
            "transaction_amount": 0
        },
        {
            "transaction_Id": 5,
            "sender_accountno": 1,
            "recipient_accountno": 2,
            "dateof_transaction": "2021-08-18T09:34:16.612951100",
            "transaction_amount": 0
        },
        {
            "transaction_Id": 6,
            "sender_accountno": 1,
            "recipient_accountno": 2,
            "dateof_transaction": "2021-08-18T09:34:30.456899800",
            "transaction_amount": 0
        },
        {
            "transaction_Id": 7,
            "sender_accountno": 1,
            "recipient_accountno": 2,
            "dateof_transaction": "2021-08-18T09:35:04.697912600",
            "transaction_amount": 1000
        },
        {
            "transaction_Id": 8,
            "sender_accountno": 1,
            "recipient_accountno": 2,
            "dateof_transaction": "2021-08-18T09:35:18.857294800",
            "transaction_amount": 1000
        },
        {
            "transaction_Id": 9,
            "sender_accountno": 1,
            "recipient_accountno": 2,
            "dateof_transaction": "2021-08-18T09:36:07.622593300",
            "transaction_amount": 1000
        },
        {
            "transaction_Id": 10,
            "sender_accountno": 1,
            "recipient_accountno": 2,
            "dateof_transaction": "2021-08-18T09:36:47.369111200",
            "transaction_amount": 1000
        },
        {
            "transaction_Id": 11,
            "sender_accountno": 1,
            "recipient_accountno": 2,
            "dateof_transaction": "2021-08-18T09:37:14.951002500",
            "transaction_amount": 1000
        },
        {
            "transaction_Id": 12,
            "sender_accountno": 1,
            "recipient_accountno": 2,
            "dateof_transaction": "2021-08-18T09:37:58.471280800",
            "transaction_amount": 1000
        },
        {
            "transaction_Id": 13,
            "sender_accountno": 1,
            "recipient_accountno": 2,
            "dateof_transaction": "2021-08-18T09:39:04.822098200",
            "transaction_amount": 1000
        },
        {
            "transaction_Id": 14,
            "sender_accountno": 1,
            "recipient_accountno": 2,
            "dateof_transaction": "2021-08-18T09:43:04.300426800",
            "transaction_amount": 1000
        },
        {
            "transaction_Id": 15,
            "sender_accountno": 1,
            "recipient_accountno": 2,
            "dateof_transaction": "2021-08-18T09:43:20.548320800",
            "transaction_amount": 1000
        },
        {
            "transaction_Id": 16,
            "sender_accountno": 1,
            "recipient_accountno": 2,
            "dateof_transaction": "2021-08-18T09:44:20.993003800",
            "transaction_amount": 4567
        },
        {
            "transaction_Id": 17,
            "sender_accountno": 1,
            "recipient_accountno": 2,
            "dateof_transaction": "2021-08-18T11:04:09.920299500",
            "transaction_amount": 4567
        },
        {
            "transaction_Id": 18,
            "sender_accountno": 1,
            "recipient_accountno": 2,
            "dateof_transaction": "2021-08-18T11:49:27.470276900",
            "transaction_amount": 12345
        }
    ]
}